Feature,Coefficient
CURR_AGE,-0.12619423782360178
GENDER,0.10894319133630068
ANN_INCOME,0.40387348139071916
AGE_CAR,0.84638755804786
